Time,AIR LOOP HVAC CU-1:DesPer 1:Des Heat Mass Flow [kg/s],AIR LOOP HVAC CU-1:DesPer 1:Des Heat Cap [W],AIR LOOP HVAC CU-1:DesPer 1:Des Cool Mass Flow [kg/s],AIR LOOP HVAC CU-1:DesPer 1:Des Sens Cool Cap [W],AIR LOOP HVAC CU-1:DesPer 1:Des Tot Cool Cap [W],AIR LOOP HVAC CU-1:DesPer 2:Des Heat Mass Flow [kg/s],AIR LOOP HVAC CU-1:DesPer 2:Des Heat Cap [W],AIR LOOP HVAC CU-1:DesPer 2:Des Cool Mass Flow [kg/s],AIR LOOP HVAC CU-1:DesPer 2:Des Sens Cool Cap [W],AIR LOOP HVAC CU-1:DesPer 2:Des Tot Cool Cap [W],AIR LOOP HVAC CU-2:DesPer 1:Des Heat Mass Flow [kg/s],AIR LOOP HVAC CU-2:DesPer 1:Des Heat Cap [W],AIR LOOP HVAC CU-2:DesPer 1:Des Cool Mass Flow [kg/s],AIR LOOP HVAC CU-2:DesPer 1:Des Sens Cool Cap [W],AIR LOOP HVAC CU-2:DesPer 1:Des Tot Cool Cap [W],AIR LOOP HVAC CU-2:DesPer 2:Des Heat Mass Flow [kg/s],AIR LOOP HVAC CU-2:DesPer 2:Des Heat Cap [W],AIR LOOP HVAC CU-2:DesPer 2:Des Cool Mass Flow [kg/s],AIR LOOP HVAC CU-2:DesPer 2:Des Sens Cool Cap [W],AIR LOOP HVAC CU-2:DesPer 2:Des Tot Cool Cap [W],AIR LOOP HVAC CU-3:DesPer 1:Des Heat Mass Flow [kg/s],AIR LOOP HVAC CU-3:DesPer 1:Des Heat Cap [W],AIR LOOP HVAC CU-3:DesPer 1:Des Cool Mass Flow [kg/s],AIR LOOP HVAC CU-3:DesPer 1:Des Sens Cool Cap [W],AIR LOOP HVAC CU-3:DesPer 1:Des Tot Cool Cap [W],AIR LOOP HVAC CU-3:DesPer 2:Des Heat Mass Flow [kg/s],AIR LOOP HVAC CU-3:DesPer 2:Des Heat Cap [W],AIR LOOP HVAC CU-3:DesPer 2:Des Cool Mass Flow [kg/s],AIR LOOP HVAC CU-3:DesPer 2:Des Sens Cool Cap [W],AIR LOOP HVAC CU-3:DesPer 2:Des Tot Cool Cap [W]
00:10:00,1.930971E-01,0.000000E+00,1.951018E-01,2.749794E+03,7.079478E+03,1.930971E-01,2.056774E+03,1.930971E-01,0.000000E+00,0.000000E+00,1.786440E-01,0.000000E+00,2.159894E-01,3.044187E+03,7.837408E+03,1.786440E-01,1.902827E+03,1.786440E-01,0.000000E+00,0.000000E+00,3.061307E-01,0.000000E+00,3.061307E-01,4.314650E+03,1.110828E+04,3.061307E-01,3.260751E+03,3.061307E-01,0.000000E+00,0.000000E+00
00:20:00,1.930971E-01,0.000000E+00,1.930971E-01,2.706404E+03,6.991048E+03,1.930971E-01,2.056774E+03,1.930971E-01,0.000000E+00,0.000000E+00,1.786440E-01,0.000000E+00,2.122041E-01,2.974203E+03,7.682814E+03,1.786440E-01,1.902827E+03,1.786440E-01,0.000000E+00,0.000000E+00,3.061307E-01,0.000000E+00,3.061307E-01,4.290656E+03,1.108341E+04,3.061307E-01,3.260751E+03,3.061307E-01,0.000000E+00,0.000000E+00
00:30:00,1.930971E-01,0.000000E+00,1.930971E-01,2.691269E+03,6.975364E+03,1.930971E-01,2.056774E+03,1.930971E-01,0.000000E+00,0.000000E+00,1.786440E-01,0.000000E+00,2.085044E-01,2.906007E+03,7.531932E+03,1.786440E-01,1.902827E+03,1.786440E-01,0.000000E+00,0.000000E+00,3.061307E-01,0.000000E+00,3.061307E-01,4.266662E+03,1.105854E+04,3.061307E-01,3.260751E+03,3.061307E-01,0.000000E+00,0.000000E+00
00:40:00,1.930971E-01,0.000000E+00,1.930971E-01,2.676135E+03,6.959677E+03,1.930971E-01,2.056774E+03,1.930971E-01,0.000000E+00,0.000000E+00,1.786440E-01,0.000000E+00,2.048915E-01,2.839593E+03,7.384776E+03,1.786440E-01,1.902827E+03,1.786440E-01,0.000000E+00,0.000000E+00,3.061307E-01,0.000000E+00,3.061307E-01,4.242668E+03,1.103367E+04,3.061307E-01,3.260751E+03,3.061307E-01,0.000000E+00,0.000000E+00
00:50:00,1.930971E-01,0.000000E+00,1.930971E-01,2.661000E+03,6.943991E+03,1.930971E-01,2.056774E+03,1.930971E-01,0.000000E+00,0.000000E+00,1.786440E-01,0.000000E+00,2.013670E-01,2.774964E+03,7.241384E+03,1.786440E-01,1.902827E+03,1.786440E-01,0.000000E+00,0.000000E+00,3.061307E-01,0.000000E+00,3.061307E-01,4.218673E+03,1.100881E+04,3.061307E-01,3.260751E+03,3.061307E-01,0.000000E+00,0.000000E+00
01:00:00,1.930971E-01,0.000000E+00,1.930971E-01,2.645865E+03,6.928304E+03,1.930971E-01,2.056774E+03,1.930971E-01,0.000000E+00,0.000000E+00,1.786440E-01,0.000000E+00,1.979282E-01,2.712063E+03,7.101645E+03,1.786440E-01,1.902827E+03,1.786440E-01,0.000000E+00,0.000000E+00,3.061307E-01,0.000000E+00,3.061307E-01,4.194679E+03,1.098394E+04,3.061307E-01,3.260751E+03,3.061307E-01,0.000000E+00,0.000000E+00
01:10:00,1.930971E-01,0.000000E+00,1.930971E-01,2.635775E+03,6.917846E+03,1.930971E-01,2.056774E+03,1.930971E-01,0.000000E+00,0.000000E+00,1.786440E-01,0.000000E+00,1.955881E-01,2.669777E+03,7.007088E+03,1.786440E-01,1.902827E+03,1.786440E-01,0.000000E+00,0.000000E+00,3.061307E-01,0.000000E+00,3.061307E-01,4.178683E+03,1.096736E+04,3.061307E-01,3.260751E+03,3.061307E-01,0.000000E+00,0.000000E+00
01:20:00,1.930971E-01,0.000000E+00,1.930971E-01,2.625685E+03,6.907389E+03,1.930971E-01,2.056774E+03,1.930971E-01,0.000000E+00,0.000000E+00,1.786440E-01,0.000000E+00,1.933907E-01,2.629678E+03,6.917891E+03,1.786440E-01,1.902827E+03,1.786440E-01,0.000000E+00,0.000000E+00,3.061307E-01,0.000000E+00,3.061307E-01,4.162687E+03,1.095078E+04,3.061307E-01,3.260751E+03,3.061307E-01,0.000000E+00,0.000000E+00
01:30:00,1.930971E-01,0.000000E+00,1.930971E-01,2.615596E+03,6.896934E+03,1.930971E-01,2.056774E+03,1.930971E-01,0.000000E+00,0.000000E+00,1.786440E-01,0.000000E+00,1.913255E-01,2.591599E+03,6.833657E+03,1.786440E-01,1.902827E+03,1.786440E-01,0.000000E+00,0.000000E+00,3.061307E-01,0.000000E+00,3.061307E-01,4.146691E+03,1.093420E+04,3.061307E-01,3.260751E+03,3.061307E-01,0.000000E+00,0.000000E+00
01:40:00,1.930971E-01,0.000000E+00,1.930971E-01,2.605506E+03,6.886475E+03,1.930971E-01,2.056774E+03,1.930971E-01,0.000000E+00,0.000000E+00,1.786440E-01,0.000000E+00,1.893842E-01,2.555407E+03,6.754063E+03,1.786440E-01,1.902827E+03,1.786440E-01,0.000000E+00,0.000000E+00,3.061307E-01,0.000000E+00,3.061307E-01,4.130695E+03,1.091762E+04,3.061307E-01,3.260751E+03,3.061307E-01,0.000000E+00,0.000000E+00
01:50:00,1.930971E-01,0.000000E+00,1.930971E-01,2.595416E+03,6.876018E+03,1.930971E-01,2.056774E+03,1.930971E-01,0.000000E+00,0.000000E+00,1.786440E-01,0.000000E+00,1.875589E-01,2.520976E+03,6.678806E+03,1.786440E-01,1.902827E+03,1.786440E-01,0.000000E+00,0.000000E+00,3.061307E-01,0.000000E+00,3.061307E-01,4.114699E+03,1.090104E+04,3.061307E-01,3.260751E+03,3.061307E-01,0.000000E+00,0.000000E+00
02:00:00,1.930971E-01,0.000000E+00,1.930971E-01,2.585326E+03,6.865560E+03,1.930971E-01,2.056774E+03,1.930971E-01,0.000000E+00,0.000000E+00,1.786440E-01,0.000000E+00,1.858462E-01,2.488246E+03,6.607754E+03,1.786440E-01,1.902827E+03,1.786440E-01,0.000000E+00,0.000000E+00,3.061307E-01,0.000000E+00,3.061307E-01,4.098702E+03,1.088446E+04,3.061307E-01,3.260751E+03,3.061307E-01,0.000000E+00,0.000000E+00
02:10:00,1.930971E-01,0.000000E+00,1.930971E-01,2.577759E+03,6.857716E+03,1.930971E-01,2.056774E+03,1.930971E-01,0.000000E+00,0.000000E+00,1.786440E-01,0.000000E+00,1.842069E-01,2.459079E+03,6.541988E+03,1.786440E-01,1.902827E+03,1.786440E-01,0.000000E+00,0.000000E+00,3.061307E-01,0.000000E+00,3.061307E-01,4.086705E+03,1.087203E+04,3.061307E-01,3.260751E+03,3.061307E-01,0.000000E+00,0.000000E+00
02:20:00,1.930971E-01,0.000000E+00,1.930971E-01,2.570191E+03,6.849873E+03,1.930971E-01,2.056774E+03,1.930971E-01,0.000000E+00,0.000000E+00,1.786440E-01,0.000000E+00,1.826375E-01,2.430970E+03,6.478831E+03,1.786440E-01,1.902827E+03,1.786440E-01,0.000000E+00,0.000000E+00,3.061307E-01,0.000000E+00,3.061307E-01,4.074708E+03,1.085959E+04,3.061307E-01,3.260751E+03,3.061307E-01,0.000000E+00,0.000000E+00
02:30:00,1.930971E-01,0.000000E+00,1.930971E-01,2.562624E+03,6.842030E+03,1.930971E-01,2.056774E+03,1.930971E-01,0.000000E+00,0.000000E+00,1.786440E-01,0.000000E+00,1.811327E-01,2.403842E+03,6.418094E+03,1.786440E-01,1.902827E+03,1.786440E-01,0.000000E+00,0.000000E+00,3.061307E-01,0.000000E+00,3.061307E-01,4.062711E+03,1.084716E+04,3.061307E-01,3.260751E+03,3.061307E-01,0.000000E+00,0.000000E+00
02:40:00,1.930971E-01,0.000000E+00,1.930971E-01,2.555057E+03,6.834186E+03,1.930971E-01,2.056774E+03,1.930971E-01,0.000000E+00,0.000000E+00,1.786440E-01,0.000000E+00,1.796921E-01,2.377682E+03,6.359749E+03,1.786440E-01,1.902827E+03,1.786440E-01,0.000000E+00,0.000000E+00,3.061307E-01,0.000000E+00,3.061307E-01,4.050714E+03,1.083472E+04,3.061307E-01,3.260751E+03,3.061307E-01,0.000000E+00,0.000000E+00
02:50:00,1.930971E-01,0.000000E+00,1.930971E-01,2.547489E+03,6.826343E+03,1.930971E-01,2.056774E+03,1.930971E-01,0.000000E+00,0.000000E+00,1.786440E-01,0.000000E+00,1.786440E-01,2.356813E+03,6.315400E+03,1.786440E-01,1.902827E+03,1.786440E-01,0.000000E+00,0.000000E+00,3.061307E-01,0.000000E+00,3.061307E-01,4.038717E+03,1.082229E+04,3.061307E-01,3.260751E+03,3.061307E-01,0.000000E+00,0.000000E+00
03:00:00,1.930971E-01,0.000000E+00,1.930971E-01,2.539922E+03,6.818503E+03,1.930971E-01,2.056774E+03,1.930971E-01,0.000000E+00,0.000000E+00,1.786440E-01,0.000000E+00,1.786440E-01,2.349812E+03,6.308147E+03,1.786440E-01,1.902827E+03,1.786440E-01,0.000000E+00,0.000000E+00,3.061307E-01,0.000000E+00,3.061307E-01,4.026720E+03,1.080986E+04,3.061307E-01,3.260751E+03,3.061307E-01,0.000000E+00,0.000000E+00
03:10:00,1.930971E-01,0.000000E+00,1.930971E-01,2.532354E+03,6.810660E+03,1.930971E-01,2.056774E+03,1.930971E-01,0.000000E+00,0.000000E+00,1.786440E-01,0.000000E+00,1.786440E-01,2.342811E+03,6.300890E+03,1.786440E-01,1.902827E+03,1.786440E-01,0.000000E+00,0.000000E+00,3.061307E-01,0.000000E+00,3.061307E-01,4.014723E+03,1.079743E+04,3.061307E-01,3.260751E+03,3.061307E-01,0.000000E+00,0.000000E+00
03:20:00,1.930971E-01,0.000000E+00,1.930971E-01,2.524787E+03,6.802816E+03,1.930971E-01,2.056774E+03,1.930971E-01,0.000000E+00,0.000000E+00,1.786440E-01,0.000000E+00,1.786440E-01,2.335810E+03,6.293634E+03,1.786440E-01,1.902827E+03,1.786440E-01,0.000000E+00,0.000000E+00,3.061307E-01,0.000000E+00,3.061307E-01,4.002726E+03,1.078499E+04,3.061307E-01,3.260751E+03,3.061307E-01,0.000000E+00,0.000000E+00
03:30:00,1.930971E-01,0.000000E+00,1.930971E-01,2.517220E+03,6.794973E+03,1.930971E-01,2.056774E+03,1.930971E-01,0.000000E+00,0.000000E+00,1.786440E-01,0.000000E+00,1.786440E-01,2.328809E+03,6.286378E+03,1.786440E-01,1.902827E+03,1.786440E-01,0.000000E+00,0.000000E+00,3.061307E-01,0.000000E+00,3.061307E-01,3.990729E+03,1.077256E+04,3.061307E-01,3.260751E+03,3.061307E-01,0.000000E+00,0.000000E+00
03:40:00,1.930971E-01,0.000000E+00,1.930971E-01,2.509652E+03,6.787129E+03,1.930971E-01,2.056774E+03,1.930971E-01,0.000000E+00,0.000000E+00,1.786440E-01,0.000000E+00,1.786440E-01,2.321808E+03,6.279121E+03,1.786440E-01,1.902827E+03,1.786440E-01,0.000000E+00,0.000000E+00,3.061307E-01,0.000000E+00,3.061307E-01,3.978731E+03,1.076012E+04,3.061307E-01,3.260751E+03,3.061307E-01,0.000000E+00,0.000000E+00
03:50:00,1.930971E-01,0.000000E+00,1.930971E-01,2.502085E+03,6.779287E+03,1.930971E-01,2.056774E+03,1.930971E-01,0.000000E+00,0.000000E+00,1.786440E-01,0.000000E+00,1.786440E-01,2.314807E+03,6.271866E+03,1.786440E-01,1.902827E+03,1.786440E-01,0.000000E+00,0.000000E+00,3.061307E-01,0.000000E+00,3.061307E-01,3.966734E+03,1.074769E+04,3.061307E-01,3.260751E+03,3.061307E-01,0.000000E+00,0.000000E+00
04:00:00,1.930971E-01,0.000000E+00,1.930971E-01,2.494518E+03,6.771443E+03,1.930971E-01,2.056774E+03,1.930971E-01,0.000000E+00,0.000000E+00,1.786440E-01,0.000000E+00,1.786440E-01,2.307806E+03,6.264609E+03,1.786440E-01,1.902827E+03,1.786440E-01,0.000000E+00,0.000000E+00,3.061307E-01,0.000000E+00,3.061307E-01,3.954737E+03,1.073525E+04,3.061307E-01,3.260751E+03,3.061307E-01,0.000000E+00,0.000000E+00
04:10:00,1.930971E-01,0.000000E+00,1.930971E-01,2.489473E+03,6.766214E+03,1.930971E-01,2.056774E+03,1.930971E-01,0.000000E+00,0.000000E+00,1.786440E-01,0.000000E+00,1.786440E-01,2.303139E+03,6.259771E+03,1.786440E-01,1.902827E+03,1.786440E-01,0.000000E+00,0.000000E+00,3.061307E-01,0.000000E+00,3.061307E-01,3.946739E+03,1.072696E+04,3.061307E-01,3.260751E+03,3.061307E-01,0.000000E+00,0.000000E+00
04:20:00,1.930971E-01,0.000000E+00,1.930971E-01,2.484428E+03,6.760985E+03,1.930971E-01,2.056774E+03,1.930971E-01,0.000000E+00,0.000000E+00,1.786440E-01,0.000000E+00,1.786440E-01,2.298472E+03,6.254934E+03,1.786440E-01,1.902827E+03,1.786440E-01,0.000000E+00,0.000000E+00,3.061307E-01,0.000000E+00,3.061307E-01,3.938741E+03,1.071867E+04,3.061307E-01,3.260751E+03,3.061307E-01,0.000000E+00,0.000000E+00
04:30:00,1.930971E-01,0.000000E+00,1.930971E-01,2.479383E+03,6.755757E+03,1.930971E-01,2.056774E+03,1.930971E-01,0.000000E+00,0.000000E+00,1.786440E-01,0.000000E+00,1.786440E-01,2.293804E+03,6.250097E+03,1.786440E-01,1.902827E+03,1.786440E-01,0.000000E+00,0.000000E+00,3.061307E-01,0.000000E+00,3.061307E-01,3.930743E+03,1.071038E+04,3.061307E-01,3.260751E+03,3.061307E-01,0.000000E+00,0.000000E+00
04:40:00,1.930971E-01,0.000000E+00,1.930971E-01,2.474338E+03,6.750528E+03,1.930971E-01,2.056774E+03,1.930971E-01,0.000000E+00,0.000000E+00,1.786440E-01,0.000000E+00,1.786440E-01,2.289137E+03,6.245259E+03,1.786440E-01,1.902827E+03,1.786440E-01,0.000000E+00,0.000000E+00,3.061307E-01,0.000000E+00,3.061307E-01,3.922745E+03,1.070209E+04,3.061307E-01,3.260751E+03,3.061307E-01,0.000000E+00,0.000000E+00
04:50:00,1.930971E-01,0.000000E+00,1.930971E-01,2.469293E+03,6.745298E+03,1.930971E-01,2.056774E+03,1.930971E-01,0.000000E+00,0.000000E+00,1.786440E-01,0.000000E+00,1.786440E-01,2.284470E+03,6.240421E+03,1.786440E-01,1.902827E+03,1.786440E-01,0.000000E+00,0.000000E+00,3.061307E-01,0.000000E+00,3.061307E-01,3.914747E+03,1.069380E+04,3.061307E-01,3.260751E+03,3.061307E-01,0.000000E+00,0.000000E+00
05:00:00,1.930971E-01,0.000000E+00,1.930971E-01,2.464248E+03,6.740070E+03,1.930971E-01,2.056774E+03,1.930971E-01,0.000000E+00,0.000000E+00,1.786440E-01,0.000000E+00,1.786440E-01,2.279802E+03,6.235584E+03,1.786440E-01,1.902827E+03,1.786440E-01,0.000000E+00,0.000000E+00,3.061307E-01,0.000000E+00,3.061307E-01,3.906749E+03,1.068551E+04,3.061307E-01,3.260751E+03,3.061307E-01,0.000000E+00,0.000000E+00
05:10:00,1.930971E-01,0.000000E+00,1.930971E-01,2.469293E+03,6.745298E+03,1.930971E-01,2.056774E+03,1.930971E-01,0.000000E+00,0.000000E+00,1.786440E-01,0.000000E+00,1.786440E-01,2.284470E+03,6.240421E+03,1.786440E-01,1.902827E+03,1.786440E-01,0.000000E+00,0.000000E+00,3.061307E-01,0.000000E+00,3.061307E-01,3.914747E+03,1.069380E+04,3.061307E-01,3.260751E+03,3.061307E-01,0.000000E+00,0.000000E+00
05:20:00,1.930971E-01,0.000000E+00,1.930971E-01,2.474338E+03,6.750528E+03,1.930971E-01,2.056774E+03,1.930971E-01,0.000000E+00,0.000000E+00,1.786440E-01,0.000000E+00,1.786440E-01,2.289137E+03,6.245259E+03,1.786440E-01,1.902827E+03,1.786440E-01,0.000000E+00,0.000000E+00,3.061307E-01,0.000000E+00,3.061307E-01,3.922745E+03,1.070209E+04,3.061307E-01,3.260751E+03,3.061307E-01,0.000000E+00,0.000000E+00
05:30:00,1.930971E-01,0.000000E+00,1.930971E-01,2.479383E+03,6.755757E+03,1.930971E-01,2.056774E+03,1.930971E-01,0.000000E+00,0.000000E+00,1.786440E-01,0.000000E+00,1.786440E-01,2.293804E+03,6.250097E+03,1.786440E-01,1.902827E+03,1.786440E-01,0.000000E+00,0.000000E+00,3.061307E-01,0.000000E+00,3.061307E-01,3.930743E+03,1.071038E+04,3.061307E-01,3.260751E+03,3.061307E-01,0.000000E+00,0.000000E+00
05:40:00,1.930971E-01,0.000000E+00,1.930971E-01,2.484428E+03,6.760985E+03,1.930971E-01,2.056774E+03,1.930971E-01,0.000000E+00,0.000000E+00,1.786440E-01,0.000000E+00,1.786440E-01,2.298472E+03,6.254934E+03,1.786440E-01,1.902827E+03,1.786440E-01,0.000000E+00,0.000000E+00,3.061307E-01,0.000000E+00,3.061307E-01,3.938741E+03,1.071867E+04,3.061307E-01,3.260751E+03,3.061307E-01,0.000000E+00,0.000000E+00
05:50:00,1.930971E-01,0.000000E+00,1.930971E-01,2.489473E+03,6.766214E+03,1.930971E-01,2.056774E+03,1.930971E-01,0.000000E+00,0.000000E+00,1.786440E-01,0.000000E+00,1.786440E-01,2.303139E+03,6.259771E+03,1.786440E-01,1.902827E+03,1.786440E-01,0.000000E+00,0.000000E+00,3.061307E-01,0.000000E+00,3.061307E-01,3.946739E+03,1.072696E+04,3.061307E-01,3.260751E+03,3.061307E-01,0.000000E+00,0.000000E+00
06:00:00,1.930971E-01,0.000000E+00,1.930971E-01,2.494518E+03,6.771443E+03,1.930971E-01,2.056774E+03,1.930971E-01,0.000000E+00,0.000000E+00,1.786440E-01,0.000000E+00,1.786440E-01,2.307806E+03,6.264609E+03,1.786440E-01,1.902827E+03,1.786440E-01,0.000000E+00,0.000000E+00,3.061307E-01,0.000000E+00,3.061307E-01,3.954737E+03,1.073525E+04,3.061307E-01,3.260751E+03,3.061307E-01,0.000000E+00,0.000000E+00
06:10:00,1.930971E-01,0.000000E+00,1.930971E-01,2.512175E+03,6.789744E+03,1.930971E-01,2.056774E+03,1.930971E-01,0.000000E+00,0.000000E+00,1.786440E-01,0.000000E+00,1.786440E-01,2.324142E+03,6.281540E+03,1.786440E-01,1.902827E+03,1.786440E-01,0.000000E+00,0.000000E+00,3.061307E-01,0.000000E+00,3.061307E-01,3.982730E+03,1.076427E+04,3.061307E-01,3.260751E+03,3.061307E-01,0.000000E+00,0.000000E+00
06:20:00,1.930971E-01,0.000000E+00,1.930971E-01,2.529832E+03,6.808045E+03,1.930971E-01,2.056774E+03,1.930971E-01,0.000000E+00,0.000000E+00,1.786440E-01,0.000000E+00,1.956242E-01,2.562941E+03,6.897145E+03,1.786440E-01,1.902827E+03,1.786440E-01,0.000000E+00,0.000000E+00,3.061307E-01,0.000000E+00,3.061307E-01,4.010724E+03,1.079328E+04,3.061307E-01,3.260751E+03,3.061307E-01,0.000000E+00,0.000000E+00
06:30:00,1.930971E-01,0.000000E+00,1.930971E-01,2.547489E+03,6.826343E+03,1.930971E-01,2.056774E+03,1.930971E-01,0.000000E+00,0.000000E+00,1.786440E-01,0.000000E+00,2.177931E-01,2.873299E+03,7.699394E+03,1.786440E-01,1.902827E+03,1.786440E-01,0.000000E+00,0.000000E+00,3.061307E-01,0.000000E+00,3.061307E-01,4.038717E+03,1.082229E+04,3.061307E-01,3.260751E+03,3.061307E-01,0.000000E+00,0.000000E+00
06:40:00,1.930971E-01,0.000000E+00,1.930971E-01,2.565146E+03,6.844644E+03,1.930971E-01,2.056774E+03,1.930971E-01,0.000000E+00,0.000000E+00,1.786440E-01,0.000000E+00,2.427077E-01,3.224185E+03,8.603172E+03,1.786440E-01,1.902827E+03,1.786440E-01,0.000000E+00,0.000000E+00,3.061307E-01,0.000000E+00,3.189478E-01,4.236976E+03,1.130563E+04,3.061307E-01,3.260751E+03,3.061307E-01,0.000000E+00,0.000000E+00
06:50:00,1.930971E-01,0.000000E+00,1.930971E-01,2.582804E+03,6.862945E+03,1.930971E-01,2.056774E+03,1.930971E-01,0.000000E+00,0.000000E+00,1.786440E-01,0.000000E+00,2.704056E-01,3.616857E+03,9.610600E+03,1.786440E-01,1.902827E+03,1.786440E-01,0.000000E+00,0.000000E+00,3.061307E-01,0.000000E+00,3.623851E-01,4.847145E+03,1.287968E+04,3.061307E-01,3.260751E+03,3.061307E-01,0.000000E+00,0.000000E+00
07:00:00,1.930971E-01,0.000000E+00,1.930971E-01,2.600461E+03,6.881247E+03,1.930971E-01,2.056774E+03,1.930971E-01,0.000000E+00,0.000000E+00,1.786440E-01,0.000000E+00,3.002528E-01,4.043539E+03,1.069987E+04,1.786440E-01,1.902827E+03,1.786440E-01,0.000000E+00,0.000000E+00,3.061307E-01,0.000000E+00,4.082240E-01,5.497600E+03,1.454755E+04,3.061307E-01,3.260751E+03,3.061307E-01,0.000000E+00,0.000000E+00
07:10:00,1.930971E-01,0.000000E+00,1.930971E-01,2.643343E+03,6.925689E+03,1.930971E-01,2.056774E+03,1.930971E-01,0.000000E+00,0.000000E+00,1.786440E-01,0.000000E+00,3.171635E-01,4.341711E+03,1.137550E+04,1.786440E-01,1.902827E+03,1.786440E-01,0.000000E+00,0.000000E+00,3.061307E-01,0.000000E+00,4.298641E-01,5.884491E+03,1.541766E+04,3.061307E-01,3.260751E+03,3.061307E-01,0.000000E+00,0.000000E+00
07:20:00,1.930971E-01,0.000000E+00,1.930971E-01,2.686224E+03,6.970136E+03,1.930971E-01,2.056774E+03,1.930971E-01,0.000000E+00,0.000000E+00,1.786440E-01,0.000000E+00,3.332108E-01,4.635382E+03,1.202775E+04,1.786440E-01,1.902827E+03,1.786440E-01,0.000000E+00,0.000000E+00,3.061307E-01,0.000000E+00,4.495374E-01,6.253632E+03,1.622674E+04,3.061307E-01,3.260751E+03,3.061307E-01,0.000000E+00,0.000000E+00
07:30:00,1.930971E-01,0.000000E+00,1.930971E-01,2.729106E+03,7.014578E+03,1.930971E-01,2.056774E+03,1.930971E-01,0.000000E+00,0.000000E+00,1.786440E-01,0.000000E+00,3.489774E-01,4.932214E+03,1.267719E+04,1.786440E-01,1.902827E+03,1.786440E-01,0.000000E+00,0.000000E+00,3.061307E-01,0.000000E+00,4.678366E-01,6.612092E+03,1.699496E+04,3.061307E-01,3.260751E+03,3.061307E-01,0.000000E+00,0.000000E+00
07:40:00,1.930971E-01,0.000000E+00,1.930971E-01,2.771988E+03,7.059024E+03,1.930971E-01,2.056774E+03,1.930971E-01,0.000000E+00,0.000000E+00,1.786440E-01,0.000000E+00,3.641589E-01,5.227650E+03,1.331251E+04,1.786440E-01,1.902827E+03,1.786440E-01,0.000000E+00,0.000000E+00,3.061307E-01,0.000000E+00,4.860185E-01,6.976995E+03,1.776731E+04,3.061307E-01,3.260751E+03,3.061307E-01,0.000000E+00,0.000000E+00
07:50:00,1.930971E-01,0.000000E+00,1.930971E-01,2.814870E+03,7.103468E+03,1.930971E-01,2.056774E+03,1.930971E-01,0.000000E+00,0.000000E+00,1.786440E-01,0.000000E+00,3.783791E-01,5.515815E+03,1.391944E+04,1.786440E-01,1.902827E+03,1.786440E-01,0.000000E+00,0.000000E+00,3.061307E-01,0.000000E+00,5.049170E-01,7.360419E+03,1.857439E+04,3.061307E-01,3.260751E+03,3.061307E-01,0.000000E+00,0.000000E+00
08:00:00,1.930971E-01,0.000000E+00,1.930971E-01,2.857752E+03,7.147914E+03,1.930971E-01,2.056774E+03,1.930971E-01,0.000000E+00,0.000000E+00,1.786440E-01,0.000000E+00,3.913227E-01,5.791402E+03,1.448567E+04,1.786440E-01,1.902827E+03,1.786440E-01,0.000000E+00,0.000000E+00,3.061307E-01,0.000000E+00,5.233499E-01,7.745347E+03,1.937295E+04,3.061307E-01,3.260751E+03,3.061307E-01,0.000000E+00,0.000000E+00
08:10:00,1.930971E-01,0.000000E+00,1.930971E-01,2.905678E+03,7.197587E+03,1.930971E-01,2.056774E+03,1.930971E-01,0.000000E+00,0.000000E+00,1.786440E-01,0.000000E+00,4.027144E-01,6.059948E+03,1.501095E+04,1.786440E-01,1.902827E+03,1.786440E-01,0.000000E+00,0.000000E+00,3.061307E-01,0.000000E+00,5.411319E-01,8.142822E+03,2.017039E+04,3.061307E-01,3.260751E+03,3.061307E-01,0.000000E+00,0.000000E+00
08:20:00,1.930971E-01,0.000000E+00,1.930971E-01,2.953605E+03,7.247259E+03,1.930971E-01,2.056774E+03,1.930971E-01,0.000000E+00,0.000000E+00,1.786440E-01,0.000000E+00,4.124537E-01,6.308874E+03,1.548008E+04,1.786440E-01,1.902827E+03,1.786440E-01,0.000000E+00,0.000000E+00,3.061307E-01,0.000000E+00,5.581674E-01,8.537705E+03,2.094896E+04,3.061307E-01,3.260751E+03,3.061307E-01,0.000000E+00,0.000000E+00
08:30:00,1.930971E-01,0.000000E+00,1.930971E-01,3.001532E+03,7.296936E+03,1.930971E-01,2.056774E+03,1.930971E-01,0.000000E+00,0.000000E+00,1.786440E-01,0.000000E+00,4.204625E-01,6.535735E+03,1.588883E+04,1.996611E-01,2.126690E+03,1.786440E-01,0.000000E+00,0.000000E+00,3.061307E-01,0.000000E+00,5.743556E-01,8.927874E+03,2.170429E+04,3.061307E-01,3.260751E+03,3.061307E-01,0.000000E+00,0.000000E+00
08:40:00,1.930971E-01,0.000000E+00,1.950277E-01,3.079947E+03,7.420060E+03,1.996369E-01,2.126432E+03,1.930971E-01,0.000000E+00,0.000000E+00,1.786440E-01,0.000000E+00,4.265791E-01,6.736690E+03,1.622971E+04,2.314263E-01,2.465038E+03,1.786440E-01,0.000000E+00,0.000000E+00,3.061307E-01,0.000000E+00,5.889125E-01,9.300318E+03,2.240588E+04,3.061307E-01,3.260751E+03,3.061307E-01,0.000000E+00,0.000000E+00
08:50:00,1.930971E-01,0.000000E+00,1.983931E-01,3.182336E+03,7.599136E+03,2.253425E-01,2.400236E+03,1.930971E-01,0.000000E+00,0.000000E+00,1.786440E-01,0.000000E+00,4.309569E-01,6.912789E+03,1.650713E+04,2.611772E-01,2.781930E+03,1.786440E-01,0.000000E+00,0.000000E+00,3.061307E-01,0.000000E+00,6.019002E-01,9.654815E+03,2.305484E+04,3.061307E-01,3.260751E+03,3.061307E-01,0.000000E+00,0.000000E+00
09:00:00,1.930971E-01,0.000000E+00,2.018930E-01,3.288586E+03,7.785134E+03,2.490407E-01,2.652657E+03,1.930971E-01,0.000000E+00,0.000000E+00,1.786440E-01,0.000000E+00,4.337931E-01,7.065951E+03,1.672736E+04,2.886189E-01,3.074224E+03,1.786440E-01,0.000000E+00,0.000000E+00,3.061307E-01,0.000000E+00,6.133195E-01,9.990213E+03,2.365003E+04,3.061307E-01,3.260751E+03,3.061307E-01,0.000000E+00,0.000000E+00
09:10:00,1.930971E-01,0.000000E+00,2.054819E-01,3.392677E+03,7.970819E+03,2.241159E-01,2.387170E+03,1.930971E-01,0.000000E+00,0.000000E+00,1.786440E-01,0.000000E+00,4.350709E-01,7.183382E+03,1.687677E+04,2.586424E-01,2.754930E+03,1.786440E-01,0.000000E+00,0.000000E+00,3.061307E-01,0.000000E+00,6.230572E-01,1.028719E+04,2.416892E+04,3.061307E-01,3.260751E+03,3.061307E-01,0.000000E+00,0.000000E+00
09:20:00,1.930971E-01,0.000000E+00,2.091456E-01,3.499613E+03,8.161078E+03,2.104028E-01,2.241106E+03,1.930971E-01,0.000000E+00,0.000000E+00,1.786440E-01,0.000000E+00,4.348871E-01,7.276924E+03,1.696975E+04,2.435588E-01,2.594267E+03,1.786440E-01,0.000000E+00,0.000000E+00,3.061307E-01,0.000000E+00,6.307095E-01,1.055360E+04,2.461094E+04,3.061307E-01,3.260751E+03,3.061307E-01,0.000000E+00,0.000000E+00
09:30:00,1.930971E-01,0.000000E+00,2.128871E-01,3.609496E+03,8.356075E+03,1.930971E-01,2.056774E+03,1.930971E-01,0.000000E+00,0.000000E+00,1.786440E-01,0.000000E+00,4.333949E-01,7.348202E+03,1.701128E+04,2.165546E-01,2.306632E+03,1.786440E-01,0.000000E+00,0.000000E+00,3.061307E-01,0.000000E+00,6.361296E-01,1.078556E+04,2.496886E+04,3.061307E-01,3.260751E+03,3.061307E-01,0.000000E+00,0.000000E+00
09:40:00,1.930971E-01,0.000000E+00,2.166486E-01,3.721384E+03,8.553588E+03,1.930971E-01,2.056774E+03,1.930971E-01,0.000000E+00,0.000000E+00,1.786440E-01,0.000000E+00,4.312080E-01,7.406882E+03,1.702469E+04,2.067014E-01,2.201680E+03,1.786440E-01,0.000000E+00,0.000000E+00,3.061307E-01,0.000000E+00,6.393433E-01,1.098203E+04,2.524217E+04,3.061307E-01,3.260751E+03,3.061307E-01,0.000000E+00,0.000000E+00
09:50:00,1.930971E-01,0.000000E+00,2.204374E-01,3.835418E+03,8.753913E+03,1.930971E-01,2.056774E+03,1.930971E-01,0.000000E+00,0.000000E+00,1.786440E-01,0.000000E+00,4.285921E-01,7.457128E+03,1.702006E+04,1.980383E-01,2.109406E+03,1.786440E-01,0.000000E+00,0.000000E+00,3.061307E-01,0.000000E+00,6.403011E-01,1.114068E+04,2.542736E+04,3.061307E-01,3.260751E+03,3.061307E-01,0.000000E+00,0.000000E+00
10:00:00,1.930971E-01,0.000000E+00,2.242481E-01,3.951521E+03,8.956862E+03,1.930971E-01,2.056774E+03,1.930971E-01,0.000000E+00,0.000000E+00,1.786440E-01,0.000000E+00,4.256994E-01,7.501335E+03,1.700318E+04,1.909978E-01,2.034413E+03,1.786440E-01,0.000000E+00,0.000000E+00,3.061307E-01,0.000000E+00,6.390115E-01,1.126015E+04,2.552324E+04,3.061307E-01,3.260751E+03,3.061307E-01,0.000000E+00,0.000000E+00
10:10:00,1.930971E-01,0.000000E+00,2.280776E-01,4.063693E+03,9.156140E+03,1.930971E-01,2.056774E+03,1.930971E-01,0.000000E+00,0.000000E+00,1.786440E-01,0.000000E+00,4.227722E-01,7.532595E+03,1.697212E+04,1.852217E-01,1.972889E+03,1.786440E-01,0.000000E+00,0.000000E+00,3.061307E-01,0.000000E+00,6.354889E-01,1.132260E+04,2.551160E+04,3.061307E-01,3.260751E+03,3.061307E-01,0.000000E+00,0.000000E+00
10:20:00,1.930971E-01,0.000000E+00,2.318985E-01,4.177210E+03,9.356628E+03,1.930971E-01,2.056774E+03,1.930971E-01,0.000000E+00,0.000000E+00,1.786440E-01,0.000000E+00,4.200531E-01,7.566456E+03,1.694828E+04,1.804402E-01,1.921959E+03,1.786440E-01,0.000000E+00,0.000000E+00,3.061307E-01,0.000000E+00,6.304197E-01,1.135581E+04,2.543614E+04,3.061307E-01,3.260751E+03,3.061307E-01,0.000000E+00,0.000000E+00
10:30:00,1.930971E-01,0.000000E+00,2.356815E-01,4.291535E+03,9.557130E+03,1.930971E-01,2.056774E+03,1.930971E-01,0.000000E+00,0.000000E+00,1.786440E-01,0.000000E+00,4.176850E-01,7.605643E+03,1.693756E+04,1.786440E-01,1.902827E+03,1.786440E-01,0.000000E+00,0.000000E+00,3.061307E-01,0.000000E+00,6.242077E-01,1.136622E+04,2.531227E+04,3.061307E-01,3.260751E+03,3.061307E-01,0.000000E+00,0.000000E+00
10:40:00,1.930971E-01,0.000000E+00,2.394011E-01,4.406175E+03,9.756585E+03,1.930971E-01,2.056774E+03,1.930971E-01,0.000000E+00,0.000000E+00,1.786440E-01,0.000000E+00,4.153740E-01,7.644953E+03,1.692821E+04,1.786440E-01,1.902827E+03,1.786440E-01,0.000000E+00,0.000000E+00,3.061307E-01,0.000000E+00,6.171527E-01,1.135869E+04,2.515153E+04,3.061307E-01,3.260751E+03,3.061307E-01,0.000000E+00,0.000000E+00
10:50:00,1.930971E-01,0.000000E+00,2.430372E-01,4.520719E+03,9.954129E+03,1.930971E-01,2.056774E+03,1.930971E-01,0.000000E+00,0.000000E+00,1.786440E-01,0.000000E+00,4.132137E-01,7.686161E+03,1.692409E+04,1.786440E-01,1.902827E+03,1.786440E-01,0.000000E+00,0.000000E+00,3.061307E-01,0.000000E+00,6.097361E-01,1.134166E+04,2.497310E+04,3.061307E-01,3.260751E+03,3.061307E-01,0.000000E+00,0.000000E+00
11:00:00,1.930971E-01,0.000000E+00,2.465709E-01,4.634764E+03,1.014894E+04,1.930971E-01,2.056774E+03,1.930971E-01,0.000000E+00,0.000000E+00,1.786440E-01,0.000000E+00,4.112478E-01,7.730177E+03,1.692710E+04,1.786440E-01,1.902827E+03,1.786440E-01,0.000000E+00,0.000000E+00,3.061307E-01,0.000000E+00,6.019350E-01,1.131450E+04,2.477585E+04,3.061307E-01,3.260751E+03,3.061307E-01,0.000000E+00,0.000000E+00
11:10:00,1.930971E-01,0.000000E+00,2.499540E-01,4.731008E+03,1.032203E+04,1.930971E-01,2.056774E+03,1.930971E-01,0.000000E+00,0.000000E+00,1.786440E-01,0.000000E+00,4.095307E-01,7.751399E+03,1.691187E+04,1.786440E-01,1.902827E+03,1.786440E-01,0.000000E+00,0.000000E+00,3.061307E-01,0.000000E+00,5.940834E-01,1.124452E+04,2.453310E+04,3.061307E-01,3.260751E+03,3.061307E-01,0.000000E+00,0.000000E+00
11:20:00,1.930971E-01,0.000000E+00,2.531840E-01,4.825219E+03,1.048970E+04,1.930971E-01,2.056774E+03,1.930971E-01,0.000000E+00,0.000000E+00,1.786440E-01,0.000000E+00,4.080487E-01,7.776653E+03,1.690592E+04,1.786440E-01,1.902827E+03,1.786440E-01,0.000000E+00,0.000000E+00,3.061307E-01,0.000000E+00,5.865917E-01,1.117935E+04,2.430316E+04,3.061307E-01,3.260751E+03,3.061307E-01,0.000000E+00,0.000000E+00
11:30:00,1.930971E-01,0.000000E+00,2.562584E-01,4.917286E+03,1.065178E+04,1.930971E-01,2.056774E+03,1.930971E-01,0.000000E+00,0.000000E+00,1.786440E-01,0.000000E+00,4.068128E-01,7.806242E+03,1.690980E+04,1.786440E-01,1.902827E+03,1.786440E-01,0.000000E+00,0.000000E+00,3.061307E-01,0.000000E+00,5.800891E-01,1.113120E+04,2.411230E+04,3.061307E-01,3.260751E+03,3.061307E-01,0.000000E+00,0.000000E+00
11:40:00,1.930971E-01,0.000000E+00,2.591736E-01,5.007082E+03,1.080804E+04,1.930971E-01,2.056774E+03,1.930971E-01,0.000000E+00,0.000000E+00,1.786440E-01,0.000000E+00,4.058347E-01,7.840487E+03,1.692408E+04,1.786440E-01,1.902827E+03,1.786440E-01,0.000000E+00,0.000000E+00,3.061307E-01,0.000000E+00,5.748366E-01,1.110551E+04,2.397179E+04,3.061307E-01,3.260751E+03,3.061307E-01,0.000000E+00,0.000000E+00
11:50:00,1.930971E-01,0.000000E+00,2.619258E-01,5.094468E+03,1.095827E+04,1.930971E-01,2.056774E+03,1.930971E-01,0.000000E+00,0.000000E+00,1.786440E-01,0.000000E+00,4.049551E-01,7.876395E+03,1.694224E+04,1.786440E-01,1.902827E+03,1.786440E-01,0.000000E+00,0.000000E+00,3.061307E-01,0.000000E+00,5.707517E-01,1.110115E+04,2.387872E+04,3.061307E-01,3.260751E+03,3.061307E-01,0.000000E+00,0.000000E+00
12:00:00,1.930971E-01,0.000000E+00,2.645118E-01,5.179320E+03,1.110228E+04,1.930971E-01,2.056774E+03,1.930971E-01,0.000000E+00,0.000000E+00,1.786440E-01,0.000000E+00,4.041424E-01,7.913382E+03,1.696296E+04,1.786440E-01,1.902827E+03,1.786440E-01,0.000000E+00,0.000000E+00,3.061307E-01,0.000000E+00,5.681288E-01,1.112435E+04,2.384591E+04,3.061307E-01,3.260751E+03,3.061307E-01,0.000000E+00,0.000000E+00
12:10:00,1.930971E-01,0.000000E+00,2.669515E-01,5.254988E+03,1.123360E+04,1.930971E-01,2.056774E+03,1.930971E-01,0.000000E+00,0.000000E+00,1.786440E-01,0.000000E+00,4.034351E-01,7.941693E+03,1.697697E+04,1.786440E-01,1.902827E+03,1.786440E-01,0.000000E+00,0.000000E+00,3.061307E-01,0.000000E+00,5.669813E-01,1.116113E+04,2.385917E+04,3.061307E-01,3.260751E+03,3.061307E-01,0.000000E+00,0.000000E+00
12:20:00,1.930971E-01,0.000000E+00,2.692468E-01,5.328309E+03,1.135935E+04,1.930971E-01,2.056774E+03,1.930971E-01,0.000000E+00,0.000000E+00,1.786440E-01,0.000000E+00,4.028618E-01,7.972508E+03,1.699649E+04,1.786440E-01,1.902827E+03,1.786440E-01,0.000000E+00,0.000000E+00,3.061307E-01,0.000000E+00,5.669128E-01,1.121903E+04,2.391770E+04,3.061307E-01,3.260751E+03,3.061307E-01,0.000000E+00,0.000000E+00
12:30:00,1.930971E-01,0.000000E+00,2.714184E-01,5.399649E+03,1.148037E+04,1.930971E-01,2.056774E+03,1.930971E-01,0.000000E+00,0.000000E+00,1.786440E-01,0.000000E+00,4.024654E-01,8.006723E+03,1.702336E+04,1.786440E-01,1.902827E+03,1.786440E-01,0.000000E+00,0.000000E+00,3.061307E-01,0.000000E+00,5.673310E-01,1.128659E+04,2.399680E+04,3.061307E-01,3.260751E+03,3.061307E-01,0.000000E+00,0.000000E+00
12:40:00,1.930971E-01,0.000000E+00,2.735147E-01,5.469937E+03,1.159867E+04,1.930971E-01,2.056774E+03,1.930971E-01,0.000000E+00,0.000000E+00,1.786440E-01,0.000000E+00,4.022665E-01,8.044805E+03,1.705852E+04,1.786440E-01,1.902827E+03,1.786440E-01,0.000000E+00,0.000000E+00,3.061307E-01,0.000000E+00,5.679578E-01,1.135842E+04,2.408483E+04,3.061307E-01,3.260751E+03,3.061307E-01,0.000000E+00,0.000000E+00
12:50:00,1.930971E-01,0.000000E+00,2.755730E-01,5.539899E+03,1.171581E+04,1.930971E-01,2.056774E+03,1.930971E-01,0.000000E+00,0.000000E+00,1.786440E-01,0.000000E+00,4.022650E-01,8.086815E+03,1.710204E+04,1.786440E-01,1.902827E+03,1.786440E-01,0.000000E+00,0.000000E+00,3.061307E-01,0.000000E+00,5.686593E-01,1.143187E+04,2.417618E+04,3.061307E-01,3.260751E+03,3.061307E-01,0.000000E+00,0.000000E+00
13:00:00,1.930971E-01,0.000000E+00,2.776263E-01,5.610192E+03,1.183317E+04,1.930971E-01,2.056774E+03,1.930971E-01,0.000000E+00,0.000000E+00,1.786440E-01,0.000000E+00,4.024477E-01,8.132544E+03,1.715338E+04,1.786440E-01,1.902827E+03,1.786440E-01,0.000000E+00,0.000000E+00,3.061307E-01,0.000000E+00,5.693982E-01,1.150623E+04,2.426926E+04,3.061307E-01,3.260751E+03,3.061307E-01,0.000000E+00,0.000000E+00
13:10:00,1.930971E-01,0.000000E+00,2.796934E-01,5.670231E+03,1.194021E+04,1.930971E-01,2.056774E+03,1.930971E-01,0.000000E+00,0.000000E+00,1.786440E-01,0.000000E+00,4.027743E-01,8.165453E+03,1.719458E+04,1.786440E-01,1.902827E+03,1.786440E-01,0.000000E+00,0.000000E+00,3.061307E-01,0.000000E+00,5.701393E-01,1.155845E+04,2.433945E+04,3.061307E-01,3.260751E+03,3.061307E-01,0.000000E+00,0.000000E+00
13:20:00,1.930971E-01,0.000000E+00,2.817861E-01,5.731060E+03,1.204862E+04,1.930971E-01,2.056774E+03,1.930971E-01,0.000000E+00,0.000000E+00,1.786440E-01,0.000000E+00,4.032007E-01,8.200432E+03,1.724008E+04,1.786440E-01,1.902827E+03,1.786440E-01,0.000000E+00,0.000000E+00,3.061307E-01,0.000000E+00,5.708544E-01,1.161023E+04,2.440862E+04,3.061307E-01,3.260751E+03,3.061307E-01,0.000000E+00,0.000000E+00
13:30:00,1.930971E-01,0.000000E+00,2.838996E-01,5.792589E+03,1.215821E+04,1.930971E-01,2.056774E+03,1.930971E-01,0.000000E+00,0.000000E+00,1.786440E-01,0.000000E+00,4.036660E-01,8.236262E+03,1.728730E+04,1.786440E-01,1.902827E+03,1.786440E-01,0.000000E+00,0.000000E+00,3.061307E-01,0.000000E+00,5.715151E-01,1.166100E+04,2.447556E+04,3.061307E-01,3.260751E+03,3.061307E-01,0.000000E+00,0.000000E+00
13:40:00,1.930971E-01,0.000000E+00,2.859959E-01,5.854040E+03,1.226735E+04,1.930971E-01,2.056774E+03,1.930971E-01,0.000000E+00,0.000000E+00,1.786440E-01,0.000000E+00,4.041286E-01,8.272096E+03,1.733448E+04,1.786440E-01,1.902827E+03,1.786440E-01,0.000000E+00,0.000000E+00,3.061307E-01,0.000000E+00,5.721384E-01,1.171108E+04,2.454099E+04,3.061307E-01,3.260751E+03,3.061307E-01,0.000000E+00,0.000000E+00
13:50:00,1.930971E-01,0.000000E+00,2.880419E-01,5.914734E+03,1.237461E+04,1.930971E-01,2.056774E+03,1.930971E-01,0.000000E+00,0.000000E+00,1.786440E-01,0.000000E+00,4.045606E-01,8.307362E+03,1.738039E+04,1.786440E-01,1.902827E+03,1.786440E-01,0.000000E+00,0.000000E+00,3.061307E-01,0.000000E+00,5.727071E-01,1.176013E+04,2.460416E+04,3.061307E-01,3.260751E+03,3.061307E-01,0.000000E+00,0.000000E+00
14:00:00,1.930971E-01,0.000000E+00,2.900041E-01,5.973968E+03,1.247855E+04,1.930971E-01,2.056774E+03,1.930971E-01,0.000000E+00,0.000000E+00,1.786440E-01,0.000000E+00,4.049382E-01,8.341566E+03,1.742403E+04,1.786440E-01,1.902827E+03,1.786440E-01,0.000000E+00,0.000000E+00,3.061307E-01,0.000000E+00,5.731928E-01,1.180754E+04,2.466384E+04,3.061307E-01,3.260751E+03,3.061307E-01,0.000000E+00,0.000000E+00
14:10:00,1.930971E-01,0.000000E+00,2.920919E-01,6.016977E+03,1.256838E+04,1.930971E-01,2.056774E+03,1.930971E-01,0.000000E+00,0.000000E+00,1.786440E-01,0.000000E+00,4.052215E-01,8.347401E+03,1.743622E+04,1.786440E-01,1.902827E+03,1.786440E-01,0.000000E+00,0.000000E+00,3.061307E-01,0.000000E+00,5.737568E-01,1.181916E+04,2.468811E+04,3.061307E-01,3.260751E+03,3.061307E-01,0.000000E+00,0.000000E+00
14:20:00,1.930971E-01,0.000000E+00,2.944837E-01,6.066247E+03,1.267130E+04,1.930971E-01,2.056774E+03,1.930971E-01,0.000000E+00,0.000000E+00,1.786440E-01,0.000000E+00,4.053906E-01,8.350884E+03,1.744350E+04,1.786440E-01,1.902827E+03,1.786440E-01,0.000000E+00,0.000000E+00,3.061307E-01,0.000000E+00,5.745422E-01,1.183534E+04,2.472190E+04,3.061307E-01,3.260751E+03,3.061307E-01,0.000000E+00,0.000000E+00
14:30:00,1.930971E-01,0.000000E+00,2.972821E-01,6.123893E+03,1.279171E+04,1.930971E-01,2.056774E+03,1.930971E-01,0.000000E+00,0.000000E+00,1.786440E-01,0.000000E+00,4.054296E-01,8.351688E+03,1.744518E+04,1.786440E-01,1.902827E+03,1.786440E-01,0.000000E+00,0.000000E+00,3.061307E-01,0.000000E+00,5.756502E-01,1.185816E+04,2.476958E+04,3.061307E-01,3.260751E+03,3.061307E-01,0.000000E+00,0.000000E+00
14:40:00,1.930971E-01,0.000000E+00,3.005679E-01,6.191578E+03,1.293310E+04,1.930971E-01,2.056774E+03,1.930971E-01,0.000000E+00,0.000000E+00,1.786440E-01,0.000000E+00,4.053240E-01,8.349512E+03,1.744063E+04,1.786440E-01,1.902827E+03,1.786440E-01,0.000000E+00,0.000000E+00,3.061307E-01,0.000000E+00,5.771458E-01,1.188897E+04,2.483393E+04,3.061307E-01,3.260751E+03,3.061307E-01,0.000000E+00,0.000000E+00
14:50:00,1.930971E-01,0.000000E+00,3.044088E-01,6.270701E+03,1.309837E+04,1.930971E-01,2.056774E+03,1.930971E-01,0.000000E+00,0.000000E+00,1.786440E-01,0.000000E+00,4.050635E-01,8.344147E+03,1.742942E+04,1.786440E-01,1.902827E+03,1.786440E-01,0.000000E+00,0.000000E+00,3.061307E-01,0.000000E+00,5.790744E-01,1.192870E+04,2.491691E+04,3.061307E-01,3.260751E+03,3.061307E-01,0.000000E+00,0.000000E+00
15:00:00,1.930971E-01,0.000000E+00,3.089439E-01,6.364122E+03,1.329351E+04,1.930971E-01,2.056774E+03,1.930971E-01,0.000000E+00,0.000000E+00,1.786440E-01,0.000000E+00,4.046325E-01,8.335268E+03,1.741088E+04,1.786440E-01,1.902827E+03,1.786440E-01,0.000000E+00,0.000000E+00,3.061307E-01,0.000000E+00,5.814840E-01,1.197834E+04,2.502060E+04,3.061307E-01,3.260751E+03,3.061307E-01,0.000000E+00,0.000000E+00
15:10:00,1.930971E-01,0.000000E+00,3.139216E-01,6.442056E+03,1.348219E+04,1.930971E-01,2.056774E+03,1.930971E-01,0.000000E+00,0.000000E+00,1.786440E-01,0.000000E+00,4.040135E-01,8.290851E+03,1.735142E+04,1.786440E-01,1.902827E+03,1.786440E-01,0.000000E+00,0.000000E+00,3.061307E-01,0.000000E+00,5.841623E-01,1.198772E+04,2.508838E+04,3.061307E-01,3.260751E+03,3.061307E-01,0.000000E+00,0.000000E+00
15:20:00,1.930971E-01,0.000000E+00,3.191586E-01,6.524510E+03,1.368117E+04,1.930971E-01,2.056774E+03,1.930971E-01,0.000000E+00,0.000000E+00,1.786440E-01,0.000000E+00,4.032049E-01,8.242654E+03,1.728393E+04,1.786440E-01,1.902827E+03,1.786440E-01,0.000000E+00,0.000000E+00,3.061307E-01,0.000000E+00,5.869342E-01,1.199860E+04,2.515974E+04,3.061307E-01,3.260751E+03,3.061307E-01,0.000000E+00,0.000000E+00
15:30:00,1.930971E-01,0.000000E+00,3.245409E-01,6.609102E+03,1.388553E+04,1.930971E-01,2.056774E+03,1.930971E-01,0.000000E+00,0.000000E+00,1.786440E-01,0.000000E+00,4.022025E-01,8.190639E+03,1.720829E+04,1.786440E-01,1.902827E+03,1.786440E-01,0.000000E+00,0.000000E+00,3.061307E-01,0.000000E+00,5.896516E-01,1.200794E+04,2.522832E+04,3.061307E-01,3.260751E+03,3.061307E-01,0.000000E+00,0.000000E+00
15:40:00,1.930971E-01,0.000000E+00,3.299620E-01,6.693638E+03,1.409066E+04,1.930971E-01,2.056774E+03,1.930971E-01,0.000000E+00,0.000000E+00,1.786440E-01,0.000000E+00,4.010061E-01,8.134844E+03,1.712452E+04,1.786440E-01,1.902827E+03,1.786440E-01,0.000000E+00,0.000000E+00,3.061307E-01,0.000000E+00,5.922389E-01,1.201421E+04,2.529091E+04,3.061307E-01,3.260751E+03,3.061307E-01,0.000000E+00,0.000000E+00
15:50:00,1.930971E-01,0.000000E+00,3.353246E-01,6.776141E+03,1.429242E+04,1.930971E-01,2.056774E+03,1.930971E-01,0.000000E+00,0.000000E+00,1.786440E-01,0.000000E+00,3.996132E-01,8.075266E+03,1.703257E+04,1.786440E-01,1.902827E+03,1.786440E-01,0.000000E+00,0.000000E+00,3.061307E-01,0.000000E+00,5.946384E-01,1.201628E+04,2.534506E+04,3.061307E-01,3.260751E+03,3.061307E-01,0.000000E+00,0.000000E+00
16:00:00,1.930971E-01,0.000000E+00,3.404518E-01,6.853066E+03,1.448330E+04,1.930971E-01,2.056774E+03,1.930971E-01,0.000000E+00,0.000000E+00,1.786440E-01,0.000000E+00,3.980294E-01,8.012063E+03,1.693273E+04,1.786440E-01,1.902827E+03,1.786440E-01,0.000000E+00,0.000000E+00,3.061307E-01,0.000000E+00,5.967477E-01,1.201213E+04,2.538648E+04,3.061307E-01,3.260751E+03,3.061307E-01,0.000000E+00,0.000000E+00
16:10:00,1.930971E-01,0.000000E+00,3.453136E-01,6.914843E+03,1.465273E+04,1.930971E-01,2.056774E+03,1.930971E-01,0.000000E+00,0.000000E+00,1.786440E-01,0.000000E+00,3.962946E-01,7.935728E+03,1.681601E+04,1.786440E-01,1.902827E+03,1.786440E-01,0.000000E+00,0.000000E+00,3.061307E-01,0.000000E+00,5.985383E-01,1.198562E+04,2.539784E+04,3.061307E-01,3.260751E+03,3.061307E-01,0.000000E+00,0.000000E+00
16:20:00,1.930971E-01,0.000000E+00,3.499421E-01,6.970957E+03,1.481122E+04,1.930971E-01,2.056774E+03,1.930971E-01,0.000000E+00,0.000000E+00,1.786440E-01,0.000000E+00,3.943615E-01,7.855806E+03,1.669127E+04,1.786440E-01,1.902827E+03,1.786440E-01,0.000000E+00,0.000000E+00,3.061307E-01,0.000000E+00,5.999088E-01,1.195037E+04,2.539101E+04,3.061307E-01,3.260751E+03,3.061307E-01,0.000000E+00,0.000000E+00
16:30:00,1.930971E-01,0.000000E+00,3.542799E-01,7.020343E+03,1.495644E+04,1.930971E-01,2.056774E+03,1.930971E-01,0.000000E+00,0.000000E+00,1.786440E-01,0.000000E+00,3.922570E-01,7.772891E+03,1.655970E+04,1.786440E-01,1.902827E+03,1.786440E-01,0.000000E+00,0.000000E+00,3.061307E-01,0.000000E+00,6.008245E-01,1.190582E+04,2.536468E+04,3.061307E-01,3.260751E+03,3.061307E-01,0.000000E+00,0.000000E+00
16:40:00,1.930971E-01,0.000000E+00,3.582533E-01,7.061641E+03,1.508538E+04,1.930971E-01,2.056774E+03,1.930971E-01,0.000000E+00,0.000000E+00,1.786440E-01,0.000000E+00,3.899899E-01,7.687211E+03,1.642175E+04,1.786440E-01,1.902827E+03,1.786440E-01,0.000000E+00,0.000000E+00,3.061307E-01,0.000000E+00,6.011991E-01,1.185042E+04,2.531537E+04,3.061307E-01,3.260751E+03,3.061307E-01,0.000000E+00,0.000000E+00
16:50:00,1.930971E-01,0.000000E+00,3.617907E-01,7.093558E+03,1.519514E+04,1.930971E-01,2.056774E+03,1.930971E-01,0.000000E+00,0.000000E+00,1.786440E-01,0.000000E+00,3.875670E-01,7.598949E+03,1.627774E+04,1.786440E-01,1.902827E+03,1.786440E-01,0.000000E+00,0.000000E+00,3.061307E-01,0.000000E+00,6.009403E-01,1.178252E+04,2.523937E+04,3.061307E-01,3.260751E+03,3.061307E-01,0.000000E+00,0.000000E+00
17:00:00,1.930971E-01,0.000000E+00,3.648373E-01,7.115165E+03,1.528358E+04,1.930971E-01,2.056774E+03,1.930971E-01,0.000000E+00,0.000000E+00,1.786440E-01,0.000000E+00,3.849945E-01,7.508276E+03,1.612799E+04,1.786440E-01,1.902827E+03,1.786440E-01,0.000000E+00,0.000000E+00,3.061307E-01,0.000000E+00,5.999991E-01,1.170136E+04,2.513485E+04,3.061307E-01,3.260751E+03,3.061307E-01,0.000000E+00,0.000000E+00
17:10:00,1.930971E-01,0.000000E+00,3.673163E-01,7.115529E+03,1.533769E+04,1.930971E-01,2.056774E+03,1.930971E-01,0.000000E+00,0.000000E+00,1.786440E-01,0.000000E+00,3.822783E-01,7.405367E+03,1.596244E+04,1.786440E-01,1.902827E+03,1.786440E-01,0.000000E+00,0.000000E+00,3.061307E-01,0.000000E+00,5.983272E-01,1.159059E+04,2.498380E+04,3.061307E-01,3.260751E+03,3.061307E-01,0.000000E+00,0.000000E+00
17:20:00,1.930971E-01,0.000000E+00,3.690279E-01,7.100478E+03,1.535920E+04,1.930971E-01,2.056774E+03,1.930971E-01,0.000000E+00,0.000000E+00,1.786440E-01,0.000000E+00,3.794718E-01,7.301429E+03,1.579388E+04,1.786440E-01,1.902827E+03,1.786440E-01,0.000000E+00,0.000000E+00,3.061307E-01,0.000000E+00,5.959235E-01,1.146618E+04,2.480276E+04,3.061307E-01,3.260751E+03,3.061307E-01,0.000000E+00,0.000000E+00
17:30:00,1.930971E-01,0.000000E+00,3.698401E-01,7.067793E+03,1.534293E+04,1.930971E-01,2.056774E+03,1.930971E-01,0.000000E+00,0.000000E+00,1.786440E-01,0.000000E+00,3.765545E-01,7.196107E+03,1.562147E+04,1.786440E-01,1.902827E+03,1.786440E-01,0.000000E+00,0.000000E+00,3.061307E-01,0.000000E+00,5.927284E-01,1.132728E+04,2.458951E+04,3.061307E-01,3.260751E+03,3.061307E-01,0.000000E+00,0.000000E+00
17:40:00,1.930971E-01,0.000000E+00,3.696338E-01,7.015565E+03,1.528432E+04,1.930971E-01,2.056774E+03,1.930971E-01,0.000000E+00,0.000000E+00,1.786440E-01,0.000000E+00,3.735255E-01,7.089427E+03,1.544524E+04,1.786440E-01,1.902827E+03,1.786440E-01,0.000000E+00,0.000000E+00,3.061307E-01,0.000000E+00,5.887150E-01,1.117367E+04,2.434330E+04,3.061307E-01,3.260751E+03,3.061307E-01,0.000000E+00,0.000000E+00
17:50:00,1.930971E-01,0.000000E+00,3.682226E-01,6.940679E+03,1.517611E+04,1.930971E-01,2.056774E+03,1.930971E-01,0.000000E+00,0.000000E+00,1.786440E-01,0.000000E+00,3.703890E-01,6.981513E+03,1.526540E+04,1.786440E-01,1.902827E+03,1.786440E-01,0.000000E+00,0.000000E+00,3.061307E-01,0.000000E+00,5.839387E-01,1.100674E+04,2.406674E+04,3.061307E-01,3.260751E+03,3.061307E-01,0.000000E+00,0.000000E+00
18:00:00,1.930971E-01,0.000000E+00,3.654053E-01,6.839842E+03,1.501052E+04,1.930971E-01,2.056774E+03,1.930971E-01,0.000000E+00,0.000000E+00,1.786440E-01,0.000000E+00,3.671504E-01,6.872507E+03,1.508221E+04,1.786440E-01,1.902827E+03,1.786440E-01,0.000000E+00,0.000000E+00,3.061307E-01,0.000000E+00,5.782364E-01,1.082372E+04,2.375343E+04,3.061307E-01,3.260751E+03,3.061307E-01,0.000000E+00,0.000000E+00
18:10:00,1.930971E-01,0.000000E+00,3.610905E-01,6.688320E+03,1.475993E+04,1.930971E-01,2.056774E+03,1.930971E-01,0.000000E+00,0.000000E+00,1.786440E-01,0.000000E+00,3.637472E-01,6.737529E+03,1.486853E+04,1.786440E-01,1.902827E+03,1.786440E-01,0.000000E+00,0.000000E+00,3.061307E-01,0.000000E+00,5.713691E-01,1.058322E+04,2.335527E+04,3.061307E-01,3.260751E+03,3.061307E-01,0.000000E+00,0.000000E+00
18:20:00,1.930971E-01,0.000000E+00,3.550831E-01,6.507470E+03,1.444226E+04,1.930971E-01,2.056774E+03,1.930971E-01,0.000000E+00,0.000000E+00,1.786440E-01,0.000000E+00,3.602072E-01,6.601378E+03,1.465067E+04,1.786440E-01,1.902827E+03,1.786440E-01,0.000000E+00,0.000000E+00,3.061307E-01,0.000000E+00,5.632814E-01,1.032304E+04,2.291029E+04,3.061307E-01,3.260751E+03,3.061307E-01,0.000000E+00,0.000000E+00
18:30:00,1.930971E-01,0.000000E+00,3.472860E-01,6.296526E+03,1.405459E+04,1.930971E-01,2.056774E+03,1.930971E-01,0.000000E+00,0.000000E+00,1.786440E-01,0.000000E+00,3.565481E-01,6.464454E+03,1.442943E+04,1.786440E-01,1.902827E+03,1.786440E-01,0.000000E+00,0.000000E+00,3.061307E-01,0.000000E+00,5.538705E-01,1.004204E+04,2.241502E+04,3.061307E-01,3.260751E+03,3.061307E-01,0.000000E+00,0.000000E+00
18:40:00,1.930971E-01,0.000000E+00,3.371741E-01,6.047123E+03,1.357689E+04,1.930971E-01,2.056774E+03,1.930971E-01,0.000000E+00,0.000000E+00,1.786440E-01,0.000000E+00,3.527750E-01,6.326920E+03,1.420509E+04,1.786440E-01,1.902827E+03,1.786440E-01,0.000000E+00,0.000000E+00,3.061307E-01,0.000000E+00,5.426088E-01,9.731534E+03,2.184906E+04,3.061307E-01,3.260751E+03,3.061307E-01,0.000000E+00,0.000000E+00
18:50:00,1.930971E-01,0.000000E+00,3.250079E-01,5.765240E+03,1.302098E+04,1.930971E-01,2.056774E+03,1.930971E-01,0.000000E+00,0.000000E+00,1.786440E-01,0.000000E+00,3.489144E-01,6.189312E+03,1.397877E+04,1.786440E-01,1.902827E+03,1.786440E-01,0.000000E+00,0.000000E+00,3.061307E-01,0.000000E+00,5.295123E-01,9.392896E+03,2.121416E+04,3.061307E-01,3.260751E+03,3.061307E-01,0.000000E+00,0.000000E+00
19:00:00,1.930971E-01,0.000000E+00,3.115457E-01,5.465391E+03,1.241837E+04,1.930971E-01,2.056774E+03,1.930971E-01,0.000000E+00,0.000000E+00,1.786440E-01,0.000000E+00,3.449800E-01,6.051923E+03,1.375108E+04,1.786440E-01,1.902827E+03,1.786440E-01,0.000000E+00,0.000000E+00,3.061307E-01,0.000000E+00,5.152333E-01,9.038646E+03,2.053746E+04,3.061307E-01,3.260751E+03,3.061307E-01,0.000000E+00,0.000000E+00
19:10:00,1.930971E-01,0.000000E+00,2.978360E-01,5.182086E+03,1.182753E+04,1.930971E-01,2.056774E+03,1.930971E-01,0.000000E+00,0.000000E+00,1.786440E-01,0.000000E+00,3.411896E-01,5.936400E+03,1.354917E+04,1.786440E-01,1.902827E+03,1.786440E-01,0.000000E+00,0.000000E+00,3.061307E-01,0.000000E+00,5.009869E-01,8.716735E+03,1.989497E+04,3.061307E-01,3.260751E+03,3.061307E-01,0.000000E+00,0.000000E+00
19:20:00,1.930971E-01,0.000000E+00,2.846068E-01,4.911012E+03,1.125979E+04,1.930971E-01,2.056774E+03,1.930971E-01,0.000000E+00,0.000000E+00,1.786440E-01,0.000000E+00,3.375823E-01,5.825128E+03,1.335564E+04,1.786440E-01,1.902827E+03,1.786440E-01,0.000000E+00,0.000000E+00,3.061307E-01,0.000000E+00,4.873403E-01,8.409267E+03,1.928046E+04,3.061307E-01,3.260751E+03,3.061307E-01,0.000000E+00,0.000000E+00
19:30:00,1.930971E-01,0.000000E+00,2.723808E-01,4.660909E+03,1.073553E+04,1.930971E-01,2.056774E+03,1.930971E-01,0.000000E+00,0.000000E+00,1.786440E-01,0.000000E+00,3.341982E-01,5.718712E+03,1.317198E+04,1.786440E-01,1.902827E+03,1.786440E-01,0.000000E+00,0.000000E+00,3.061307E-01,0.000000E+00,4.747683E-01,8.124111E+03,1.871237E+04,3.061307E-01,3.260751E+03,3.061307E-01,0.000000E+00,0.000000E+00
19:40:00,1.930971E-01,0.000000E+00,2.620820E-01,4.447018E+03,1.029058E+04,1.930971E-01,2.056774E+03,1.930971E-01,0.000000E+00,0.000000E+00,1.786440E-01,0.000000E+00,3.310811E-01,5.617799E+03,1.299982E+04,1.786440E-01,1.902827E+03,1.786440E-01,0.000000E+00,0.000000E+00,3.061307E-01,0.000000E+00,4.641073E-01,7.874993E+03,1.822306E+04,3.061307E-01,3.260751E+03,3.061307E-01,0.000000E+00,0.000000E+00
19:50:00,1.930971E-01,0.000000E+00,2.538872E-01,4.271486E+03,9.931007E+03,1.930971E-01,2.056774E+03,1.930971E-01,0.000000E+00,0.000000E+00,1.786440E-01,0.000000E+00,3.282452E-01,5.522512E+03,1.283958E+04,1.786440E-01,1.902827E+03,1.786440E-01,0.000000E+00,0.000000E+00,3.061307E-01,0.000000E+00,4.555428E-01,7.664210E+03,1.781893E+04,3.061307E-01,3.260751E+03,3.061307E-01,0.000000E+00,0.000000E+00
20:00:00,1.930971E-01,0.000000E+00,2.474590E-01,4.127778E+03,9.642708E+03,1.930971E-01,2.056774E+03,1.930971E-01,0.000000E+00,0.000000E+00,1.786440E-01,0.000000E+00,3.257115E-01,5.433080E+03,1.269196E+04,1.786440E-01,1.902827E+03,1.786440E-01,0.000000E+00,0.000000E+00,3.061307E-01,0.000000E+00,4.488161E-01,7.486546E+03,1.748896E+04,3.061307E-01,3.260751E+03,3.061307E-01,0.000000E+00,0.000000E+00
20:10:00,1.930971E-01,0.000000E+00,2.421201E-01,4.010256E+03,9.405162E+03,1.930971E-01,2.056774E+03,1.930971E-01,0.000000E+00,0.000000E+00,1.786440E-01,0.000000E+00,3.234008E-01,5.356515E+03,1.256251E+04,1.786440E-01,1.902827E+03,1.786440E-01,0.000000E+00,0.000000E+00,3.061307E-01,0.000000E+00,4.432189E-01,7.341071E+03,1.721685E+04,3.061307E-01,3.260751E+03,3.061307E-01,0.000000E+00,0.000000E+00
20:20:00,1.930971E-01,0.000000E+00,2.375879E-01,3.907256E+03,9.200155E+03,1.930971E-01,2.056774E+03,1.930971E-01,0.000000E+00,0.000000E+00,1.786440E-01,0.000000E+00,3.212790E-01,5.283599E+03,1.244094E+04,1.786440E-01,1.902827E+03,1.786440E-01,0.000000E+00,0.000000E+00,3.061307E-01,0.000000E+00,4.384485E-01,7.210511E+03,1.697811E+04,3.061307E-01,3.260751E+03,3.061307E-01,0.000000E+00,0.000000E+00
20:30:00,1.930971E-01,0.000000E+00,2.337005E-01,3.815849E+03,9.021145E+03,1.930971E-01,2.056774E+03,1.930971E-01,0.000000E+00,0.000000E+00,1.786440E-01,0.000000E+00,3.193204E-01,5.213846E+03,1.232619E+04,1.786440E-01,1.902827E+03,1.786440E-01,0.000000E+00,0.000000E+00,3.061307E-01,0.000000E+00,4.343422E-01,7.091916E+03,1.676618E+04,3.061307E-01,3.260751E+03,3.061307E-01,0.000000E+00,0.000000E+00
20:40:00,1.930971E-01,0.000000E+00,2.303342E-01,3.733805E+03,8.863135E+03,1.930971E-01,2.056774E+03,1.930971E-01,0.000000E+00,0.000000E+00,1.786440E-01,0.000000E+00,3.175024E-01,5.146834E+03,1.221732E+04,1.786440E-01,1.902827E+03,1.786440E-01,0.000000E+00,0.000000E+00,3.061307E-01,0.000000E+00,4.307899E-01,6.983267E+03,1.657656E+04,3.061307E-01,3.260751E+03,3.061307E-01,0.000000E+00,0.000000E+00
20:50:00,1.930971E-01,0.000000E+00,2.273927E-01,3.659388E+03,8.722239E+03,1.930971E-01,2.056774E+03,1.930971E-01,0.000000E+00,0.000000E+00,1.786440E-01,0.000000E+00,3.158059E-01,5.082205E+03,1.211356E+04,1.786440E-01,1.902827E+03,1.786440E-01,0.000000E+00,0.000000E+00,3.061307E-01,0.000000E+00,4.276178E-01,6.881573E+03,1.640239E+04,3.061307E-01,3.260751E+03,3.061307E-01,0.000000E+00,0.000000E+00
21:00:00,1.930971E-01,0.000000E+00,2.247997E-01,3.591229E+03,8.595384E+03,1.930971E-01,2.056774E+03,1.930971E-01,0.000000E+00,0.000000E+00,1.786440E-01,0.000000E+00,3.142149E-01,5.019659E+03,1.201424E+04,1.786440E-01,1.902827E+03,1.786440E-01,0.000000E+00,0.000000E+00,3.061307E-01,0.000000E+00,4.247606E-01,6.785653E+03,1.624104E+04,3.061307E-01,3.260751E+03,3.061307E-01,0.000000E+00,0.000000E+00
21:10:00,1.930971E-01,0.000000E+00,2.224732E-01,3.527907E+03,8.479319E+03,1.930971E-01,2.056774E+03,1.930971E-01,0.000000E+00,0.000000E+00,1.786440E-01,0.000000E+00,3.126950E-01,4.958615E+03,1.191802E+04,1.786440E-01,1.902827E+03,1.786440E-01,0.000000E+00,0.000000E+00,3.061307E-01,0.000000E+00,4.221310E-01,6.694016E+03,1.608905E+04,3.061307E-01,3.260751E+03,3.061307E-01,0.000000E+00,0.000000E+00
21:20:00,1.930971E-01,0.000000E+00,2.203639E-01,3.468550E+03,8.372070E+03,1.930971E-01,2.056774E+03,1.930971E-01,0.000000E+00,0.000000E+00,1.786440E-01,0.000000E+00,3.112344E-01,4.898862E+03,1.182443E+04,1.786440E-01,1.902827E+03,1.786440E-01,0.000000E+00,0.000000E+00,3.061307E-01,0.000000E+00,4.196860E-01,6.605901E+03,1.594472E+04,3.061307E-01,3.260751E+03,3.061307E-01,0.000000E+00,0.000000E+00
21:30:00,1.930971E-01,0.000000E+00,2.184321E-01,3.412464E+03,8.272061E+03,1.930971E-01,2.056774E+03,1.930971E-01,0.000000E+00,0.000000E+00,1.786440E-01,0.000000E+00,3.098231E-01,4.840223E+03,1.173305E+04,1.786440E-01,1.902827E+03,1.786440E-01,0.000000E+00,0.000000E+00,3.061307E-01,0.000000E+00,4.173634E-01,6.520275E+03,1.580562E+04,3.061307E-01,3.260751E+03,3.061307E-01,0.000000E+00,0.000000E+00
21:40:00,1.930971E-01,0.000000E+00,2.166456E-01,3.359084E+03,8.178010E+03,1.930971E-01,2.056774E+03,1.930971E-01,0.000000E+00,0.000000E+00,1.786440E-01,0.000000E+00,3.084525E-01,4.782546E+03,1.164356E+04,1.786440E-01,1.902827E+03,1.786440E-01,0.000000E+00,0.000000E+00,3.061307E-01,0.000000E+00,4.151128E-01,6.436311E+03,1.566981E+04,3.061307E-01,3.260751E+03,3.061307E-01,0.000000E+00,0.000000E+00
21:50:00,1.930971E-01,0.000000E+00,2.149780E-01,3.307953E+03,8.088863E+03,1.930971E-01,2.056774E+03,1.930971E-01,0.000000E+00,0.000000E+00,1.786440E-01,0.000000E+00,3.071154E-01,4.725707E+03,1.155567E+04,1.786440E-01,1.902827E+03,1.786440E-01,0.000000E+00,0.000000E+00,3.061307E-01,0.000000E+00,4.129824E-01,6.354725E+03,1.553907E+04,3.061307E-01,3.260751E+03,3.061307E-01,0.000000E+00,0.000000E+00
22:00:00,1.930971E-01,0.000000E+00,2.134078E-01,3.258701E+03,8.003776E+03,1.930971E-01,2.056774E+03,1.930971E-01,0.000000E+00,0.000000E+00,1.786440E-01,0.000000E+00,3.058059E-01,4.669605E+03,1.146913E+04,1.786440E-01,1.902827E+03,1.786440E-01,0.000000E+00,0.000000E+00,3.061307E-01,0.000000E+00,4.109384E-01,6.274960E+03,1.541208E+04,3.061307E-01,3.260751E+03,3.061307E-01,0.000000E+00,0.000000E+00
22:10:00,1.930971E-01,0.000000E+00,2.139095E-01,3.246801E+03,8.002320E+03,1.930971E-01,2.056774E+03,1.930971E-01,0.000000E+00,0.000000E+00,1.786440E-01,0.000000E+00,2.960786E-01,4.493997E+03,1.107626E+04,1.786440E-01,1.902827E+03,1.786440E-01,0.000000E+00,0.000000E+00,3.061307E-01,0.000000E+00,3.899131E-01,5.918252E+03,1.458659E+04,3.061307E-01,3.260751E+03,3.061307E-01,0.000000E+00,0.000000E+00
22:20:00,1.930971E-01,0.000000E+00,2.141306E-01,3.230577E+03,7.990296E+03,1.930971E-01,2.056774E+03,1.930971E-01,0.000000E+00,0.000000E+00,1.786440E-01,0.000000E+00,2.856943E-01,4.310255E+03,1.066070E+04,1.786440E-01,1.902827E+03,1.786440E-01,0.000000E+00,0.000000E+00,3.061307E-01,0.000000E+00,3.677633E-01,5.548425E+03,1.372311E+04,3.061307E-01,3.260751E+03,3.061307E-01,0.000000E+00,0.000000E+00
22:30:00,1.930971E-01,0.000000E+00,2.141134E-01,3.210739E+03,7.969362E+03,1.930971E-01,2.056774E+03,1.930971E-01,0.000000E+00,0.000000E+00,1.786440E-01,0.000000E+00,2.748049E-01,4.120838E+03,1.022832E+04,1.786440E-01,1.902827E+03,1.786440E-01,0.000000E+00,0.000000E+00,3.061307E-01,0.000000E+00,3.449344E-01,5.172465E+03,1.283856E+04,3.061307E-01,3.260751E+03,3.061307E-01,0.000000E+00,0.000000E+00
22:40:00,1.930971E-01,0.000000E+00,2.138743E-01,3.187596E+03,7.940191E+03,1.930971E-01,2.056774E+03,1.930971E-01,0.000000E+00,0.000000E+00,1.786440E-01,0.000000E+00,2.634811E-01,3.926939E+03,9.781870E+03,1.786440E-01,1.902827E+03,1.786440E-01,0.000000E+00,0.000000E+00,3.061307E-01,0.000000E+00,3.215360E-01,4.792192E+03,1.193719E+04,3.061307E-01,3.260751E+03,3.061307E-01,0.000000E+00,0.000000E+00
22:50:00,1.930971E-01,0.000000E+00,2.134280E-01,3.161427E+03,7.903392E+03,1.930971E-01,2.056774E+03,1.930971E-01,0.000000E+00,0.000000E+00,1.786440E-01,0.000000E+00,2.517806E-01,3.729531E+03,9.323619E+03,1.786440E-01,1.902827E+03,1.786440E-01,0.000000E+00,0.000000E+00,3.061307E-01,0.000000E+00,3.061307E-01,4.534597E+03,1.133624E+04,3.061307E-01,3.260751E+03,3.061307E-01,0.000000E+00,0.000000E+00
23:00:00,1.930971E-01,0.000000E+00,2.127851E-01,3.132447E+03,7.859422E+03,1.930971E-01,2.056774E+03,1.930971E-01,0.000000E+00,0.000000E+00,1.786440E-01,0.000000E+00,2.397516E-01,3.529426E+03,8.855456E+03,1.786440E-01,1.902827E+03,1.786440E-01,0.000000E+00,0.000000E+00,3.061307E-01,0.000000E+00,3.061307E-01,4.506604E+03,1.130723E+04,3.061307E-01,3.260751E+03,3.061307E-01,0.000000E+00,0.000000E+00
23:10:00,1.930971E-01,0.000000E+00,2.099625E-01,3.071695E+03,7.735265E+03,1.930971E-01,2.056774E+03,1.930971E-01,0.000000E+00,0.000000E+00,1.786440E-01,0.000000E+00,2.358533E-01,3.450472E+03,8.689115E+03,1.786440E-01,1.902827E+03,1.786440E-01,0.000000E+00,0.000000E+00,3.061307E-01,0.000000E+00,3.061307E-01,4.478611E+03,1.127822E+04,3.061307E-01,3.260751E+03,3.061307E-01,0.000000E+00,0.000000E+00
23:20:00,1.930971E-01,0.000000E+00,2.073060E-01,3.013875E+03,7.617750E+03,1.930971E-01,2.056774E+03,1.930971E-01,0.000000E+00,0.000000E+00,1.786440E-01,0.000000E+00,2.323251E-01,3.377610E+03,8.537111E+03,1.786440E-01,1.902827E+03,1.786440E-01,0.000000E+00,0.000000E+00,3.061307E-01,0.000000E+00,3.061307E-01,4.450617E+03,1.124920E+04,3.061307E-01,3.260751E+03,3.061307E-01,0.000000E+00,0.000000E+00
23:30:00,1.930971E-01,0.000000E+00,2.047689E-01,2.958266E+03,7.505113E+03,1.930971E-01,2.056774E+03,1.930971E-01,0.000000E+00,0.000000E+00,1.786440E-01,0.000000E+00,2.290162E-01,3.308563E+03,8.393816E+03,1.786440E-01,1.902827E+03,1.786440E-01,0.000000E+00,0.000000E+00,3.061307E-01,0.000000E+00,3.061307E-01,4.422624E+03,1.122019E+04,3.061307E-01,3.260751E+03,3.061307E-01,0.000000E+00,0.000000E+00
23:40:00,1.930971E-01,0.000000E+00,2.023321E-01,2.904561E+03,7.396628E+03,1.930971E-01,2.056774E+03,1.930971E-01,0.000000E+00,0.000000E+00,1.786440E-01,0.000000E+00,2.258643E-01,3.242375E+03,8.256891E+03,1.786440E-01,1.902827E+03,1.786440E-01,0.000000E+00,0.000000E+00,3.061307E-01,0.000000E+00,3.061307E-01,4.394631E+03,1.119118E+04,3.061307E-01,3.260751E+03,3.061307E-01,0.000000E+00,0.000000E+00
23:50:00,1.930971E-01,0.000000E+00,1.999755E-01,2.852444E+03,7.291523E+03,1.930971E-01,2.056774E+03,1.930971E-01,0.000000E+00,0.000000E+00,1.786440E-01,0.000000E+00,2.228214E-01,3.178317E+03,8.124533E+03,1.786440E-01,1.902827E+03,1.786440E-01,0.000000E+00,0.000000E+00,3.061307E-01,0.000000E+00,3.061307E-01,4.366638E+03,1.116216E+04,3.061307E-01,3.260751E+03,3.061307E-01,0.000000E+00,0.000000E+00
24:00:00,1.930971E-01,0.000000E+00,1.976866E-01,2.801718E+03,7.189329E+03,1.930971E-01,2.056774E+03,1.930971E-01,0.000000E+00,0.000000E+00,1.786440E-01,0.000000E+00,2.198485E-01,3.115808E+03,7.995298E+03,1.786440E-01,1.902827E+03,1.786440E-01,0.000000E+00,0.000000E+00,3.061307E-01,0.000000E+00,3.061307E-01,4.338645E+03,1.113315E+04,3.061307E-01,3.260751E+03,3.061307E-01,0.000000E+00,0.000000E+00
Coinc Peak   ,2.490407E-01,3.698401E-01,2.652657E+03,7.067793E+03,2.886189E-01,4.350709E-01,3.074224E+03,7.183382E+03,3.061307E-01,6.403011E-01,3.260751E+03,1.114068E+04
NonCoinc Peak,2.490407E-01,3.698401E-01,2.652657E+03,7.067793E+03,2.886189E-01,4.350709E-01,3.074224E+03,7.183382E+03,3.061307E-01,6.403011E-01,3.260751E+03,1.114068E+04
